City,Cloudiness,Country,Date,Humidity,Lat,Lng,Max Temp,Wind Speed
Oxford,1,US,1547265360,62,33.61,-85.83,44.06,4.7
Rikitea,80,PF,1547266673,100,-23.12,-134.97,79.36,17.25
Nakuru,0,KE,1547266721,87,-0.28,36.07,46.15,4.16
Bredasdorp,32,ZA,1547262000,76,-34.53,20.04,53.6,5.82
Ushuaia,75,AR,1547265600,48,-54.81,-68.31,46.4,11.41
Touros,40,BR,1547265600,83,-5.2,-35.46,77.0,4.7
Luderitz,24,NA,1547266723,91,-26.65,15.16,57.67,4.5
Ancud,90,CL,1547265600,100,-41.87,-73.83,53.6,2.24
Klaksvik,88,FO,1547265000,81,62.23,-6.59,44.6,29.97
Saint Anthony,90,US,1547265360,78,43.97,-111.68,30.02,3.36
Avarua,75,CK,1547265600,78,-21.21,-159.78,80.6,9.17
Jamestown,0,AU,1547266726,44,-33.21,138.6,88.0,11.77
Maracas,20,TT,1547265600,88,10.76,-61.44,75.2,4.7
Hilo,90,US,1547265180,81,19.71,-155.08,71.96,5.82
Souillac,90,FR,1547263800,100,45.6,-0.6,41.0,1.81
Mataura,0,NZ,1547265040,53,-46.19,168.86,69.91,4.05
Dikson,0,RU,1547266727,94,73.51,80.55,-21.31,17.92
Minab,0,IR,1547265600,62,27.15,57.07,55.4,4.7
Bellefontaine,1,US,1547265360,73,40.36,-83.76,27.14,5.73
Kaitangata,0,NZ,1547266728,72,-46.28,169.85,62.8,9.53
Toyota,75,JP,1547265600,52,35.15,137.3,46.4,10.29
Zhezkazgan,75,KZ,1547265600,83,47.8,67.71,-7.61,4.47
Sambava,76,MG,1547266583,100,-14.27,50.17,79.67,2.93
Vaini,0,IN,1547265600,60,15.34,74.49,69.8,2.93
Hobart,0,AU,1547263800,19,-42.88,147.33,75.2,20.8
Mar del Plata,36,AR,1547266730,42,-46.43,-67.52,65.81,20.49
Husavik,0,CA,1547266731,68,50.56,-96.99,2.18,7.85
Kapaa,75,US,1547265360,73,22.08,-159.32,75.92,8.05
Cape Town,100,ZA,1547265600,93,-33.93,18.42,51.8,4.7
Bluff,0,AU,1547266734,53,-23.58,149.07,87.77,8.63
Tasiilaq,80,GL,1547265000,73,65.61,-37.64,19.4,20.8
Chokurdakh,0,RU,1547266734,0,70.62,147.9,-39.99,2.93
Albany,20,US,1547265420,66,42.65,-73.75,12.02,8.05
Atuona,0,PF,1547265040,100,-9.8,-139.03,81.47,16.24
Ranau,75,MY,1547263800,70,5.95,116.67,89.6,6.93
Mexico,90,US,1547265180,64,44.56,-70.55,3.92,6.93
Ibra,64,OM,1547266737,81,22.69,58.55,58.43,2.93
Vostok,0,RU,1547266622,55,46.45,135.83,13.61,1.14
Bambous Virieux,40,MU,1547265600,83,-20.34,57.76,82.4,11.41
Bathsheba,20,BB,1547265600,73,13.22,-59.52,77.0,14.99
Portree,92,GB,1547266739,99,57.41,-6.19,46.6,24.85
Alta Floresta,92,BR,1547266741,100,-9.87,-56.08,70.9,2.48
Barrow,0,AR,1547266741,56,-38.31,-60.23,61.67,12.1
Aldan,76,RU,1547266741,83,58.61,125.39,4.57,3.49
Longyearbyen,20,NO,1547265000,50,78.22,15.63,8.6,20.8
Norman Wells,20,CA,1547262000,72,65.28,-126.83,-40.01,3.27
Carnarvon,8,ZA,1547266743,82,-30.97,22.13,50.11,5.5
Sri Aman,75,MY,1547262000,79,1.24,111.46,86.0,1.12
Hermanus,12,ZA,1547266737,100,-34.42,19.24,48.49,3.15
Hay River,90,CA,1547263500,84,60.82,-115.79,5.0,4.7
Itacare,92,BR,1547266744,95,-14.28,-39.0,78.37,5.73
Port Keats,0,AU,1547266744,85,-14.25,129.55,91.01,10.76
Pisco,0,PE,1547265600,88,-13.71,-76.2,71.6,16.11
Canico,40,PT,1547263800,67,32.63,-16.85,62.6,9.17
Concepcion del Uruguay,0,AR,1547266746,83,-32.48,-58.24,63.56,6.17
Kazerun,20,IR,1547266746,83,29.62,51.65,36.74,4.61
Choix,0,MX,1547266746,91,26.71,-108.33,55.01,1.81
Mahebourg,40,MU,1547265600,83,-20.41,57.7,82.4,11.41
Yarmouth,36,GB,1547261400,87,50.71,-1.5,46.4,6.93
Saint-Philippe,1,CA,1547265300,61,45.36,-73.48,5.0,5.82
Itai,20,BR,1547266749,89,-23.42,-49.09,73.01,10.31
Rajura,0,IN,1547266753,70,19.78,79.37,67.79,5.39
Sarkand,92,KZ,1547266753,81,45.41,79.91,16.58,3.04
Punta Arenas,75,CL,1547265600,100,-53.16,-70.91,42.8,21.92
Cururupu,92,BR,1547266754,100,-1.82,-44.87,73.64,2.71
Trairi,68,BR,1547266755,100,-3.28,-39.27,80.21,7.96
Port Blair,40,IN,1547262000,83,11.67,92.75,82.4,10.29
Salta,90,AR,1547265600,100,-24.79,-65.41,64.4,2.37
Srednekolymsk,36,RU,1547266756,49,67.46,153.71,-29.86,2.59
Cidreira,92,BR,1547266757,99,-30.17,-50.22,71.66,9.31
Neka,0,IR,1547265600,92,36.65,53.3,35.6,2.24
Vardo,1,US,1547265600,52,39.62,-77.74,28.4,3.38
Kahului,40,US,1547266260,68,20.89,-156.47,78.08,3.36
Qasigiannguit,0,GL,1547265000,39,68.82,-51.19,-5.81,3.36
Nemuro,75,JP,1547265600,62,43.32,145.57,23.0,14.99
Kapit,36,MY,1547266763,81,2.02,112.94,82.82,1.7
Chuy,92,UY,1547266765,90,-33.69,-53.46,65.18,7.18
Cherskiy,24,RU,1547266633,46,68.75,161.3,-15.46,2.71
Enid,90,US,1547265660,100,36.4,-97.88,39.2,13.87
Praia,0,BR,1547262000,73,-20.25,-43.81,71.6,6.93
Vidim,90,CZ,1547263800,97,50.47,14.53,33.8,16.11
Busselton,0,AU,1547266749,81,-33.64,115.35,74.32,11.77
Meulaboh,24,ID,1547266767,100,4.14,96.13,80.8,2.71
Yellowknife,90,CA,1547262000,84,62.45,-114.38,6.8,8.05
Hami,44,CN,1547266767,57,42.84,93.51,4.66,2.71
Imeni Poliny Osipenko,8,RU,1547266767,77,52.42,136.49,-11.86,2.93
Grindavik,75,IS,1547265600,86,63.84,-22.43,35.6,20.8
Zyryanka,0,RU,1547266768,69,65.73,150.89,-35.94,2.26
Hirado,75,JP,1547265600,66,33.32,129.49,53.6,5.82
Boali,0,CF,1547262000,88,4.81,18.11,69.8,3.6
Samarai,24,PG,1547266769,100,-10.62,150.67,81.97,4.16
Bethel,1,US,1547265360,76,60.79,-161.76,-23.08,19.46
Hofn,0,IS,1547266592,96,64.25,-15.21,40.21,15.79
Maragogi,68,BR,1547266769,94,-9.01,-35.22,75.89,5.61
San Patricio,80,PY,1547266770,82,-26.98,-56.83,78.1,3.94
Altamira,68,BR,1547266770,97,-3.2,-52.21,72.83,2.59
Torbay,90,CA,1547262000,97,47.66,-52.73,32.0,13.87
Napier,44,NZ,1547266621,100,-39.49,176.92,66.22,15.12
Bazarnyye Mataki,76,RU,1547266771,86,54.9,49.93,12.08,11.77
Pochutla,20,MX,1547264700,69,15.74,-96.47,80.6,5.61
Saskylakh,36,RU,1547266737,0,71.97,114.09,-43.18,3.6
Port Elizabeth,1,US,1547265360,73,39.31,-74.98,30.92,7.18
Ocampo,80,PH,1547266772,96,13.56,123.37,77.65,12.88
Mount Gambier,0,AU,1547262000,41,-37.83,140.78,75.2,19.46
Kodiak,90,US,1547264100,100,39.95,-94.76,33.8,8.05
Sabinas Hidalgo,100,MX,1547266774,92,26.51,-100.18,60.14,2.71
Yerbogachen,44,RU,1547266774,60,61.28,108.01,-7.5,6.96
Port Lincoln,0,AU,1547266775,77,-34.72,135.86,70.45,17.47
Port Alfred,0,ZA,1547266739,83,-33.59,26.89,66.89,22.5
Waingapu,32,ID,1547265940,80,-9.65,120.26,85.07,4.72
Broken Hill,0,AU,1547265600,10,-31.97,141.45,109.4,12.75
Sisimiut,0,GL,1547266776,100,66.94,-53.67,-21.04,3.15
Mahon,75,IE,1547265600,100,51.89,-8.4,46.4,8.05
Petropavlovsk-Kamchatskiy,40,RU,1547263800,59,53.05,158.65,33.8,20.13
Ladovskaya Balka,92,RU,1547266777,85,45.63,41.4,40.43,14.12
Airai,12,TL,1547266777,66,-8.93,125.41,84.17,2.26
Aksay,75,RU,1547265600,80,47.27,39.86,33.8,26.84
Kruisfontein,8,ZA,1547266776,87,-34.0,24.73,63.83,20.71
Tiksi,32,RU,1547266778,47,71.64,128.87,-29.14,6.4
Sulejowek,75,PL,1547265600,98,52.25,21.27,33.8,9.17
Harbour Breton,48,CA,1547266569,98,47.48,-55.8,32.96,24.4
Pangody,0,RU,1547266779,57,65.85,74.49,-19.6,14.56
Evensk,0,RU,1547266780,100,61.92,159.24,14.65,15.01
Bubaque,76,GW,1547266781,100,11.28,-15.83,78.14,4.72
Victoria,75,BN,1547263800,70,5.28,115.24,87.8,2.24
Omsukchan,20,RU,1547266553,86,62.53,155.8,-15.87,3.04
Sitka,92,US,1547266674,100,37.17,-99.65,35.39,18.03
Salalah,0,OM,1547265000,25,17.01,54.1,73.4,13.87
Mojo,0,ET,1547262000,60,8.59,39.12,46.4,9.17
Comodoro Rivadavia,0,AR,1547265600,45,-45.87,-67.48,64.4,17.22
Izacic,68,BA,1547266786,78,44.88,15.78,15.14,1.81
Rorvik,92,NO,1547266598,100,64.86,11.24,38.41,14.34
Thompson,75,CA,1547262000,70,55.74,-97.86,-2.21,3.36
Honningsvag,88,NO,1547266550,100,70.98,25.97,34.9,13.89
Todos Santos,5,MX,1547264880,77,23.45,-110.23,68.0,5.82
Nieuw Amsterdam,20,SR,1547265600,88,5.88,-55.08,75.2,3.36
Altay,64,CN,1547266789,73,47.83,88.13,1.6,1.14
Saldanha,0,PT,1547266791,86,41.42,-6.55,19.37,3.49
Bastia,0,IT,1547265000,35,44.6,8.98,39.2,6.93
Ambon,90,FR,1547263800,87,47.55,-2.56,44.6,4.7
Floriano,56,BR,1547266792,86,-6.77,-43.02,74.86,8.86
Ilulissat,0,GL,1547265000,39,69.22,-51.1,-5.81,3.36
Naze,8,NG,1547266624,91,5.43,7.07,73.6,7.4
San Quintin,12,PH,1547266595,62,17.54,120.52,79.76,3.04
Grand-Santi,92,GF,1547266793,88,4.27,-54.38,74.81,2.82
Bonavista,36,CA,1547266591,97,48.65,-53.11,31.12,18.25
Nioro,80,GM,1547266793,47,13.79,-15.05,69.14,7.29
Ayr,75,GB,1547265000,81,55.46,-4.63,48.2,19.46
Yulara,0,AU,1547265600,10,-25.24,130.99,109.4,12.75
Kavaratti,12,IN,1547266794,100,10.57,72.64,81.29,9.75
Georgetown,75,GY,1547262000,88,6.8,-58.16,75.2,4.7
Mindelo,0,PT,1547263800,100,41.31,-8.72,41.0,5.82
Dubovskoye,92,RU,1547266795,92,47.41,42.76,36.83,15.01
Mangrol,0,IN,1547266795,69,25.33,76.51,50.29,7.63
Fortuna,0,ES,1547263800,55,38.18,-1.13,33.8,8.05
San Felipe,0,CL,1547266796,86,-32.75,-70.73,52.9,0.36
Arraial do Cabo,8,BR,1547266796,86,-22.97,-42.02,77.42,16.46
New Norfolk,0,AU,1547263800,19,-42.78,147.06,75.2,20.8
Aswan,0,EG,1547266797,93,24.09,32.9,42.14,4.05
Antofagasta,0,CL,1547265600,72,-23.65,-70.4,66.2,2.24
Aklavik,90,CA,1547262000,74,68.22,-135.01,-22.01,4.7
East London,20,ZA,1547265600,72,-33.02,27.91,64.4,16.11
Miri,8,NG,1547266798,57,10.31,9.75,56.14,3.71
Goundam,0,ML,1547266798,49,16.42,-3.66,60.41,11.54
Mahanoro,56,MG,1547266800,99,-19.9,48.8,72.74,2.59
Neuquen,0,AR,1547265600,20,-38.95,-68.06,68.0,4.7
Ariano Irpino,90,IT,1547261700,79,41.15,15.09,26.6,3.36
Pangai,40,TO,1547265600,78,-19.8,-174.35,82.4,16.11
Poso,12,ID,1547266783,98,-1.4,120.75,83.09,3.38
Ambanja,32,MG,1547266803,95,-13.68,48.45,69.91,2.48
Luanda,75,AO,1547265600,83,-8.83,13.24,78.8,5.82
Saint-Augustin,90,FR,1547263800,93,44.83,-0.61,42.8,3.36
Micheweni,44,TZ,1547266805,100,-4.97,39.83,82.19,13.78
Sinnamary,64,GF,1547266805,94,5.38,-52.96,79.13,10.2
Flagstaff,1,US,1547265420,74,35.2,-111.65,44.6,2.37
Ambilobe,92,MG,1547266806,92,-13.19,49.05,71.39,3.27
Fuling,92,CN,1547266807,100,29.71,107.39,39.71,3.15
Vao,44,EE,1547266744,85,59.1,26.19,31.43,11.43
Narsaq,75,GL,1547265000,51,60.91,-46.05,35.6,31.09
Butaritari,76,KI,1547266808,100,3.07,172.79,83.63,12.77
Sao Jose da Coroa Grande,68,BR,1547266809,94,-8.9,-35.15,75.89,5.61
Esil,48,KZ,1547266809,72,51.96,66.41,-6.19,8.86
Kupang,56,ID,1547266809,85,-10.16,123.6,86.11,6.96
Kaeo,8,NZ,1547266810,44,-35.1,173.78,81.29,5.95
Dali,0,CN,1547266578,60,25.6,100.24,53.8,2.15
Qaanaaq,24,GL,1547266810,100,77.48,-69.36,-18.16,10.54
Geraldton,20,CA,1547262000,75,49.72,-86.95,-13.01,4.7
Makakilo City,1,US,1547265420,68,21.35,-158.09,78.08,4.7
Burns Lake,92,CA,1547266811,86,54.23,-125.76,34.54,4.16
Puerto Ayora,48,EC,1547266811,100,-0.74,-90.35,76.39,9.19
Dingle,20,PH,1547266812,70,11.0,122.67,82.64,10.65
Kavieng,64,PG,1547266812,100,-2.57,150.8,81.97,7.85
Avera,1,US,1547266500,79,33.19,-82.53,42.8,3.36
Sagua de Tanamo,36,CU,1547266813,99,20.58,-75.24,65.14,2.26
Labuhan,32,ID,1547266771,73,-2.54,115.51,85.97,3.15
Nanortalik,48,GL,1547266813,89,60.14,-45.24,31.07,43.87
Igra,76,RU,1547266814,80,57.55,53.1,13.52,12.66
Selcuk,75,TR,1547265000,93,37.95,27.37,59.0,10.29
Bontang,8,ID,1547266814,87,0.12,117.47,85.43,7.4
Nome,90,US,1547265300,83,30.04,-94.42,57.92,10.29
Neftcala,44,AZ,1547266817,100,39.37,49.25,36.74,3.38
Nanpiao,0,CN,1547266817,34,41.1,120.75,32.56,4.38
Cabo San Lucas,5,MX,1547264880,82,22.89,-109.91,68.0,8.05
Amazar,64,RU,1547266817,73,53.86,120.88,-7.99,2.59
Yakeshi,20,CN,1547266818,73,49.28,120.73,8.66,3.27
Constitucion,0,MX,1547266818,53,23.99,-104.67,51.64,7.18
Carutapera,92,BR,1547266819,100,-1.2,-46.02,73.82,1.59
Hithadhoo,88,MV,1547266819,100,-0.6,73.08,79.04,0.36
Kachiry,44,KZ,1547266819,57,53.07,76.1,-11.64,3.71
Lasa,0,CY,1547263800,76,34.92,32.53,50.0,9.17
Okha,0,RU,1547266655,92,53.59,142.95,7.49,16.13
Jalu,0,LY,1547266800,40,29.03,21.55,47.09,11.43
Esperance,20,TT,1547265600,88,10.24,-61.45,75.2,4.7
Tromso,88,NO,1547265000,79,69.65,18.96,32.0,32.21
Deputatskiy,0,RU,1547266822,0,69.3,139.9,-39.99,2.59
Znamenskoye,48,RU,1547266822,69,57.13,73.82,-9.61,3.15
Nikolskoye,75,RU,1547265600,79,59.7,30.79,32.0,13.42
Nagato,75,JP,1547265600,81,34.35,131.14,50.0,4.7
Vestmannaeyjar,0,IS,1547266824,97,63.44,-20.27,41.74,24.29
Zhigansk,48,RU,1547266824,66,66.77,123.37,-22.17,9.19
Port Macquarie,12,AU,1547262000,40,-31.43,152.91,87.8,13.87
Sokolo,44,ML,1547266828,38,14.74,-6.12,63.25,10.76
Russell,0,AR,1547265600,53,-33.01,-68.8,71.6,8.05
Morro Bay,90,US,1547265360,74,35.37,-120.85,60.08,14.99
Rudnichnyy,0,RU,1547266830,71,59.7,60.29,3.71,6.06
Alice Springs,0,AU,1547264640,13,-23.7,133.88,105.8,11.41
Isangel,0,VU,1547266830,100,-19.55,169.27,79.9,4.61
Tazovskiy,48,RU,1547266599,36,67.47,78.7,-23.97,11.99
Faanui,92,PF,1547265459,100,-16.48,-151.75,83.41,17.58
Cayenne,75,GF,1547265600,94,4.94,-52.33,73.4,2.24
Sayhat,0,SA,1547265600,39,26.49,50.04,59.0,12.75
Fairbanks,20,US,1547265480,65,64.84,-147.72,-39.47,2.71
Saint-Denis,90,FR,1547263800,93,48.94,2.36,42.8,5.82
Bizhbulyak,92,RU,1547266832,86,53.69,54.27,11.95,14.45
Sao Joao da Barra,0,BR,1547266832,96,-21.64,-41.05,79.49,16.46
Kendari,0,ID,1547266833,82,-3.99,122.52,86.33,3.94
Severo-Kurilsk,76,RU,1547266833,100,50.68,156.12,32.24,24.52
Yertsevo,76,RU,1547266834,86,60.8,40.09,17.03,15.9
Moa,36,CU,1547266835,99,20.66,-74.95,65.14,2.26
Clyde River,1,CA,1547265600,74,70.47,-68.59,-27.41,8.05
Chapais,90,CA,1547262000,76,49.78,-74.86,-11.21,9.17
Pangkalanbuun,80,ID,1547266836,95,-2.68,111.62,83.99,4.27
Saint George,90,GR,1547261400,93,39.45,22.34,37.4,4.7
Magadan,48,RU,1547266612,100,59.56,150.8,20.77,19.71
Tingi,76,TZ,1547266837,100,-11.3,35.03,75.71,3.83
Alofi,24,NU,1547265600,69,-19.06,-169.92,82.4,17.22
Raudeberg,76,NO,1547265000,100,61.99,5.14,37.4,16.11
Aranos,0,NA,1547266839,35,-24.14,19.11,60.82,9.42
Brae,92,GB,1547265000,93,60.4,-1.35,46.4,24.16
Guerrero Negro,0,MX,1547266840,100,27.97,-114.04,52.9,4.5
Sur,0,OM,1547266841,100,22.57,59.53,70.31,16.35
Hukuntsi,0,BW,1547266841,24,-23.98,21.76,62.48,9.86
La Cruz,0,MX,1547266842,95,23.92,-106.89,66.89,3.15
Kralendijk,0,BQ,1547265300,78,12.15,-68.27,77.0,10.29
Beni,8,CD,1547266843,84,0.49,29.47,58.39,2.71
Marovoay,40,MG,1547265600,88,-16.11,46.64,77.0,6.93
Te Anau,0,NZ,1547266843,31,-45.41,167.72,71.21,2.59
Ayagoz,64,KZ,1547266844,78,47.96,80.43,9.47,2.15
Lorengau,68,PG,1547266845,98,-2.02,147.27,83.77,13.33
Campo Grande,40,BR,1547265600,88,-20.46,-54.62,71.6,3.36
Portland,75,US,1547265180,72,45.52,-122.67,46.94,8.05
Ostrovnoy,88,RU,1547266846,89,68.05,39.51,21.53,10.65
Ribeira Grande,76,PT,1547266846,100,38.52,-28.7,60.37,19.82
Baykit,32,RU,1547266846,73,61.68,96.39,-17.49,2.93
Yar-Sale,48,RU,1547266847,74,66.83,70.83,-11.05,18.03
Muzhi,76,RU,1547266847,71,65.4,64.7,-10.51,13.89
Byron Bay,0,AU,1547265600,65,-28.65,153.62,89.6,11.41
Thayetmyo,0,MM,1547266848,82,19.32,95.18,73.01,4.83
La Crosse,90,US,1547265300,66,43.8,-91.24,32.0,3.36
Nisia Floresta,40,BR,1547265600,74,-6.09,-35.21,78.8,6.93
Takhtamygda,76,RU,1547266851,78,54.1,123.57,-8.53,2.71
Sokoni,64,CD,1547266851,96,-12.89,28.78,65.5,4.38
Coihaique,20,CL,1547265600,66,-45.58,-72.07,53.6,3.36
Lebu,0,ET,1547262000,62,8.96,38.73,46.4,9.17
Upernavik,32,GL,1547266853,100,72.79,-56.15,-6.28,5.73
Tura,0,IN,1547266853,78,25.52,90.21,60.14,4.61
Khatanga,48,RU,1547266854,58,71.98,102.47,-32.79,9.64
Ponta do Sol,64,BR,1547266736,78,-20.63,-46.0,69.01,3.38
Banda Aceh,8,ID,1547266780,82,5.56,95.32,82.06,4.72
Saltpond,8,GH,1547266855,93,5.2,-1.06,73.69,3.27
Aykhal,24,RU,1547266855,32,65.95,111.51,-23.34,6.62
Manavalakurichi,20,IN,1547265600,70,8.13,77.3,84.2,3.36
Hamilton,40,BM,1547265300,72,32.3,-64.78,60.8,3.36
Eyl,88,SO,1547266584,100,7.98,49.82,72.83,16.46
Yumen,0,CN,1547266857,57,40.29,97.04,5.06,3.94
Kvam,44,NO,1547266857,83,61.67,9.69,14.65,1.92
Galle,40,US,1547265960,96,29.74,-97.91,59.18,4.7
Marienburg,75,DE,1547265480,93,52.12,9.98,42.8,8.05
Rawson,44,AR,1547266858,32,-43.3,-65.11,72.25,19.04
Dhanwar,0,IN,1547266858,72,24.42,85.98,59.47,3.04
Beroroha,44,MG,1547266859,97,-21.68,45.17,71.48,4.27
Wamba,0,CD,1547266859,85,2.14,27.99,68.47,1.92
Marsala,40,IT,1547261700,100,37.8,12.44,42.8,3.36
Hualmay,20,PE,1547266860,96,-11.1,-77.61,66.62,5.73
Pacific Grove,90,US,1547265600,77,36.62,-121.92,57.2,5.82
Mangan,0,IN,1547266861,51,27.5,88.54,15.82,0.69
Tashla,75,RU,1547265600,85,53.71,49.75,17.6,11.18
Barcelos,0,PT,1547263800,83,41.53,-8.62,41.0,5.82
Xiongyue,0,CN,1547266862,62,40.18,122.12,37.24,4.72
Augustow,0,PL,1547266863,85,53.84,22.98,23.47,10.65
Tilichiki,0,RU,1547266863,77,60.47,166.1,4.79,6.29
Garachine,0,PA,1547266864,91,8.06,-78.36,79.58,16.35
Skegness,90,GB,1547265000,87,53.14,0.34,46.4,11.41
Talnakh,32,RU,1547266833,77,69.49,88.39,-38.19,4.27
Port Hardy,90,CA,1547262000,81,50.7,-127.42,48.2,10.29
Bologoye,76,RU,1547266866,88,57.88,34.11,17.93,14.9
Mizdah,20,LY,1547266867,81,31.45,12.98,40.16,20.49
Simoes,8,BR,1547266869,47,-7.6,-40.82,76.88,10.87
Tuatapere,0,NZ,1547266751,73,-46.13,167.69,62.93,5.06
Victor Harbor,0,AU,1547265600,23,-35.55,138.62,86.0,18.34
Vagur,88,FO,1547266874,97,61.47,-6.81,46.69,33.35
Barra,32,BR,1547266877,60,-11.09,-43.14,78.82,10.09
Sundumbili,0,ZA,1547265600,88,-29.13,31.4,71.6,1.12
Bagotville,0,AU,1547265600,65,-28.98,153.42,89.6,11.41
Polonnaruwa,92,LK,1547266879,100,7.94,81.0,73.01,1.48
Eisiskes,90,LT,1547265000,92,54.17,25.0,23.0,4.7
Bulgan,0,MN,1547266880,58,48.81,103.53,-4.3,2.82
Hasaki,75,JP,1547265600,100,35.73,140.83,44.6,6.93
San Cristobal,40,EC,1547265600,100,-0.39,-78.55,55.4,3.36
Soyaniquilpan,88,MX,1547266882,84,19.98,-99.5,49.79,2.04
Melfi,90,IT,1547261700,79,41.0,15.66,26.6,3.36
San Policarpo,48,PH,1547266883,89,12.18,125.51,81.56,11.77
Kontagora,0,NG,1547266883,54,10.4,5.47,63.83,4.83
Provideniya,20,RU,1547266884,100,64.42,-173.23,-11.23,17.92
Codrington,0,AU,1547265600,43,-28.95,153.24,89.6,11.41
Tecoanapa,5,MX,1547264640,74,16.99,-99.26,80.6,5.82
Dicabisagan,56,PH,1547266884,100,17.08,122.42,76.34,6.96
Mendi,0,ET,1547266885,74,9.8,35.1,47.5,3.38
Nalut,0,LY,1547266885,94,31.86,10.98,34.54,8.41
Namatanai,36,PG,1547266885,93,-3.66,152.44,85.61,15.01
Lavrentiya,24,RU,1547266885,99,65.58,-170.99,-8.71,27.31
Peyima,20,SL,1547266886,73,8.69,-11.04,72.92,6.17
Sao Filipe,0,CV,1547266805,99,14.9,-24.5,71.66,10.87
Tuktoyaktuk,90,CA,1547262000,75,69.44,-133.03,-14.81,11.41
Kattivakkam,8,IN,1547265600,65,13.22,80.32,80.6,4.7
Robertsport,8,LR,1547266838,100,6.75,-11.37,82.06,9.75
Ustrzyki Dolne,76,UA,1547266632,87,49.43,22.59,19.46,10.42
Malegaon,0,IN,1547266887,67,20.56,74.52,55.64,3.38
Atar,0,MR,1547266821,36,20.52,-13.05,47.63,6.85
Leningradskiy,8,RU,1547266888,88,69.38,178.42,-14.2,14.45
Sinegorye,44,RU,1547266888,68,62.09,150.53,-17.44,2.37
Veraval,90,FR,1547263800,93,49.65,0.71,46.4,5.82
Haines Junction,0,CA,1547266662,65,60.75,-137.51,-37.47,2.04
Chirongui,20,YT,1547265600,83,-12.93,45.15,82.4,11.41
Beberibe,40,BR,1547265600,83,-4.18,-38.13,80.6,3.36
Mulchen,24,CL,1547266646,81,-37.72,-72.23,50.92,1.7
Komsomolskiy,64,RU,1547266891,86,67.55,63.78,2.05,14.79
Kuopio,0,FI,1547265000,79,62.89,27.68,28.4,17.22
Pacifica,90,US,1547265600,87,37.61,-122.49,60.08,10.76
Lompoc,90,US,1547265480,87,34.64,-120.46,60.08,13.87
Kumbo,8,CM,1547266893,69,6.21,10.69,54.34,0.92
Kloulklubed,75,PW,1547265000,74,7.04,134.26,84.2,9.17
Dalnerechensk,0,RU,1547266895,59,45.93,133.72,15.41,3.49
Bangui,0,CF,1547262000,88,4.39,18.55,69.8,2.15
Mvuma,56,ZW,1547266895,96,-19.28,30.53,65.99,6.17
Gat,0,SN,1547263800,77,14.69,-16.54,68.0,16.11
Santiago,0,CL,1547265600,59,-33.44,-70.65,60.8,8.05
Udachnyy,24,RU,1547266897,34,66.42,112.4,-23.65,4.05
Batagay-Alyta,24,RU,1547266900,0,67.8,130.41,-39.76,1.7
Kathu,0,ZA,1547266900,30,-27.7,23.05,61.36,10.09
Rapid Valley,1,US,1547266500,95,44.06,-103.15,31.82,6.93
Omboue,20,GA,1547266901,100,-1.57,9.26,77.78,4.94
Concordia,76,AR,1547266901,89,-31.4,-58.02,70.67,9.98
Campbellsville,90,US,1547266500,87,37.34,-85.34,35.96,9.17
Lagoa,0,PT,1547263800,39,37.14,-8.45,46.4,9.17
Migori,0,KE,1547266905,100,-1.07,34.47,60.91,3.94
Talcahuano,0,CL,1547265600,87,-36.72,-73.12,53.6,3.36
Gatton,0,AU,1547265600,36,-27.56,152.28,91.4,13.87
Chumikan,0,RU,1547266908,65,54.72,135.31,-0.07,6.17
Novaya Igirma,44,RU,1547266908,58,57.14,103.93,-6.91,5.61
Antalaha,92,MG,1547266909,95,-14.9,50.28,78.14,1.36
Axim,20,GH,1547266910,100,4.87,-2.24,82.15,8.08
Tual,80,ID,1547266912,100,-5.67,132.75,82.73,11.77
Bagdarin,64,RU,1547267022,71,54.44,113.59,-1.74,3.27
Marawi,68,PH,1547266598,70,8.0,124.29,78.82,3.27
Laguna,0,MX,1547266737,83,27.52,-110.01,61.49,2.71
Saint-Joseph,0,FR,1547265600,74,43.56,6.97,39.2,3.36
Nurota,90,UZ,1547265600,91,40.56,65.69,33.8,2.24
Katsuura,90,JP,1547265600,75,33.93,134.5,44.6,9.17
Winton,0,AU,1547267024,37,-22.38,143.04,97.72,13.33
Surt,44,LY,1547267025,100,31.21,16.59,52.81,21.72
Namibe,8,AO,1547266926,100,-15.19,12.15,73.19,3.15
ChengDe,56,CN,1547267025,39,40.97,117.93,27.83,3.71
Shawville,0,CA,1547267025,64,45.61,-76.49,3.76,5.95
Novobiryusinskiy,44,RU,1547267025,70,56.96,97.71,-5.79,2.59
Qaqortoq,75,GL,1547265000,51,60.72,-46.03,35.6,31.09
Natal,40,BR,1547265600,74,-5.81,-35.21,78.8,6.93
Harper,90,US,1547265300,94,30.3,-99.24,56.3,4.7
Manamadurai,20,IN,1547265600,57,9.68,78.45,78.8,11.41
Tigil,0,RU,1547267033,81,57.8,158.67,22.75,14.0
Vyazemskiy,0,RU,1547267034,54,47.53,134.76,14.92,3.38
Owando,24,CG,1547267034,93,-0.49,15.91,72.52,2.71
Faya,0,SA,1547265600,93,18.39,42.45,50.0,2.71
Sola,40,FI,1547265000,86,62.78,29.36,26.6,12.75
Marzuq,0,YE,1547267036,78,14.4,46.47,36.92,2.15
Ahipara,36,NZ,1547267038,59,-35.17,173.16,77.47,9.75
Abu Dhabi,40,AE,1547265600,68,24.47,54.37,66.2,4.7
Saint-Georges,56,CA,1547266799,60,46.12,-70.67,4.43,9.75
Mandalgovi,0,MN,1547266846,67,45.76,106.27,7.09,13.56
Kautokeino,68,NO,1547267039,78,69.01,23.04,28.01,21.27
Pevek,0,RU,1547266741,86,69.7,170.27,-13.89,4.38
Padang,40,ID,1547263800,79,-0.92,100.36,86.0,4.7
Emba,0,CY,1547265600,70,34.81,32.42,50.0,6.93
Kristiansund,88,NO,1547265000,100,63.12,7.73,35.6,14.99
Ormond Beach,1,US,1547265300,67,29.29,-81.06,62.6,4.7
Miles City,1,US,1547265180,95,46.41,-105.84,23.0,13.87
Porto Novo,20,BR,1547265600,100,-23.68,-45.44,68.0,4.7
Kudat,75,MY,1547265600,79,6.89,116.84,84.2,6.93
Necochea,8,AR,1547267042,69,-38.55,-58.74,60.19,11.77
Auki,0,NG,1547267042,41,12.18,6.51,61.49,6.96
Nelson Bay,0,AU,1547265600,46,-32.72,152.14,91.4,12.75
La Asuncion,92,EC,1547267044,99,-1.64,-78.74,46.01,1.25
Bilibino,12,RU,1547267044,59,68.06,166.44,-20.95,2.71
Castro,90,CL,1547265600,100,-42.48,-73.76,53.6,2.24
Kakonko,68,TZ,1547267044,95,-3.28,30.97,62.35,6.62
Uri,0,IT,1547265000,86,40.64,8.49,32.0,2.24
Ponta Delgada,75,PT,1547263800,82,37.73,-25.67,59.0,13.87
Cortes,100,PH,1547267045,100,9.28,126.19,74.95,3.38
Reni,48,RO,1547263800,86,45.45,28.28,28.4,4.7
Brooks,0,CA,1547267046,74,50.57,-111.89,26.39,11.43
Kirakira,88,SB,1547267046,100,-10.46,161.92,81.83,9.64
Mount Isa,75,AU,1547265600,29,-20.73,139.49,100.4,17.22
Tlalmanalco,75,MX,1547264700,51,19.21,-98.8,60.8,8.05
Worcester,90,GB,1547265360,87,52.19,-2.22,46.4,6.93
Djambala,92,CG,1547267047,99,-2.55,14.76,68.2,9.19
Irbeyskoye,64,RU,1547267048,57,55.64,95.45,-6.37,2.93
Acari,20,BR,1547266862,76,-6.44,-36.64,72.38,8.97
Poum,56,MK,1547267048,80,41.28,20.71,12.85,1.81
Saint-Jerome,5,CA,1547265600,64,45.78,-74.0,5.0,4.7
Lethem,80,GY,1547267049,57,3.38,-59.8,82.69,13.0
Araouane,64,ML,1547266834,31,18.9,-3.53,55.28,8.75
Spiez,90,CH,1547265000,100,46.69,7.68,32.0,2.24
Fare,88,PF,1547267115,100,-16.7,-151.02,83.14,16.58
Brigantine,1,US,1547265360,49,39.41,-74.36,30.02,6.93
Osa,76,RU,1547267117,86,57.28,55.46,13.66,11.43
Fairlie,90,US,1547266020,87,33.31,-95.96,51.8,5.82
Fortuna Foothills,1,US,1547265540,71,32.66,-114.41,59.72,3.36
Ballina,92,IE,1547267119,99,54.11,-9.15,46.87,17.02
Burnie,12,AU,1547267090,85,-41.05,145.91,68.2,13.22
Hailar,8,CN,1547266868,71,49.2,119.7,5.02,5.73
Arlit,0,NE,1547267122,70,18.74,7.39,50.42,3.94
Anadyr,0,RU,1547265600,58,64.73,177.51,-5.81,11.18
Bonthe,0,SL,1547267123,85,7.53,-12.5,79.27,4.94
Tutoia,92,BR,1547267123,100,-2.76,-42.27,72.34,2.93
Sabang,80,PH,1547267124,96,13.72,123.58,77.65,12.88
Westport,92,IE,1547266840,99,53.8,-9.52,47.36,18.25
Umm Lajj,36,SA,1547267126,100,25.02,37.27,59.78,4.61
Revelstoke,36,CA,1547266560,89,50.99,-118.19,32.0,1.7
Tautira,90,PF,1547265600,74,-17.73,-149.15,84.2,14.99
Port Hawkesbury,90,CA,1547266140,78,45.62,-61.36,17.6,16.11
Portomaggiore,0,IT,1547265000,68,44.7,11.8,30.2,9.17
Lakes Entrance,8,AU,1547267129,47,-37.88,147.99,86.06,8.86
Wladyslawowo,0,PL,1547265600,86,54.79,18.4,30.2,9.17
Great Falls,1,US,1547265480,66,47.5,-111.29,33.98,4.7
Bolobo,64,CD,1547267130,100,-2.17,16.23,71.71,4.61
Dongargaon,0,IN,1547267132,80,21.56,74.53,55.69,2.59
Quevedo,92,EC,1547267132,100,-1.02,-79.47,60.55,2.04
Itaituba,64,BR,1547267133,100,-4.26,-55.99,69.86,2.04
Bambanglipuro,0,ID,1547267134,83,-7.95,110.28,84.49,4.38
Coquimbo,0,CL,1547265600,87,-29.95,-71.34,59.0,3.36
Morros,92,BR,1547267135,99,-2.87,-44.04,70.31,2.37
Atarra,0,IN,1547267136,85,25.28,80.57,52.36,2.82
Marathon,48,CA,1547267137,100,48.72,-86.38,10.24,10.65
Sinop,76,TR,1547267138,100,42.03,35.15,44.89,14.23
Channel-Port aux Basques,80,CA,1547267050,100,47.57,-59.14,29.99,24.29
Hue,40,VN,1547265600,74,16.47,107.58,80.6,4.7
Hirara,75,JP,1547265600,83,24.8,125.28,71.6,11.41
Seymchan,32,RU,1547267145,86,62.93,152.39,-20.55,2.71
Kpandu,0,GH,1547267146,76,7.0,0.29,75.26,3.94
San-Pedro,0,CI,1547267136,99,4.75,-6.64,74.63,3.6
San Rafael,0,AR,1547266905,51,-34.61,-68.33,61.0,3.27
South Venice,75,US,1547266500,82,27.05,-82.42,60.98,8.05
Alenquer,40,BR,1547265600,100,-1.95,-54.74,73.4,9.17
Kamaishi,40,JP,1547265600,44,39.28,141.86,41.0,10.29
Cali,20,CO,1547265600,82,3.43,-76.51,68.0,5.82
Louga,0,SN,1547262000,82,15.62,-16.22,60.8,4.7
Mikkeli,0,FI,1547265000,92,61.69,27.27,26.6,8.05
Manono,76,CD,1547267153,93,-7.3,27.4,71.89,2.59
Marondera,76,ZW,1547267153,98,-18.19,31.55,63.47,1.03
Havelock,1,US,1547265480,78,34.88,-76.9,35.96,4.7
Newton,90,US,1547266500,86,41.7,-93.05,30.92,9.17
Preobrazheniye,0,RU,1547267155,38,42.9,133.91,26.89,2.71
Muros,0,ES,1547265600,80,42.77,-9.06,39.2,5.82
Lata,0,IN,1547267155,88,30.78,78.62,27.16,2.15
Emerald,0,AU,1547265600,28,-23.53,148.16,93.2,11.41
Maniitsoq,0,GL,1547267157,100,65.42,-52.9,6.23,9.19
Nador,0,MA,1547265600,70,35.17,-2.93,46.4,2.24
Bol,0,TD,1547267158,49,13.47,14.72,57.89,5.73
Yenagoa,8,NG,1547267159,94,4.92,6.26,74.32,5.28
Rocha,80,UY,1547267129,77,-34.48,-54.34,60.19,5.73
Letlhakane,8,BW,1547267161,86,-21.42,25.59,69.19,6.17
Aras,0,YE,1547267162,68,14.28,44.38,30.4,3.38
Yeppoon,0,AU,1547265600,51,-23.13,150.74,86.0,11.41
Shahrud,0,IR,1547267163,67,36.42,54.97,8.57,2.48
Fayetteville,90,US,1547266440,85,36.06,-94.16,37.04,12.75
Flin Flon,48,CA,1547267165,77,54.77,-101.88,2.27,6.51
Labytnangi,80,RU,1547267166,73,66.66,66.39,-16.81,9.64
Bicas,64,BR,1547267167,69,-21.72,-43.06,74.77,8.75
Nouadhibou,0,MR,1547267160,82,20.93,-17.03,57.22,6.73
Kimbe,24,PG,1547267168,97,-5.56,150.15,84.08,5.39
Tsiroanomandidy,76,MG,1547267168,95,-18.77,46.05,64.06,2.82
Lyngseidet,75,NO,1547261400,100,69.58,20.21,32.0,24.16
Liverpool,75,GB,1547265000,87,53.41,-2.98,48.2,14.99
Boguchar,88,RU,1547267170,97,49.93,40.55,33.68,11.65
Mitsamiouli,75,KM,1547262000,69,-11.38,43.28,82.4,3.36
Dalvik,8,SE,1547265000,79,57.79,14.13,26.6,3.36
Port Moresby,40,PG,1547262000,62,-9.47,147.16,89.6,11.41
Vila Velha,40,BR,1547265600,83,-3.71,-38.6,80.6,3.36
Chiredzi,20,ZW,1547267174,89,-21.05,31.67,75.49,3.6
Urusha,76,RU,1547267174,63,54.05,122.9,-8.67,2.71
Hobyo,76,SO,1547267046,81,5.35,48.53,76.12,18.7
Villa Carlos Paz,40,AR,1547265600,93,-31.42,-64.5,64.4,3.36
Turkan,68,AF,1547267176,89,35.6,68.92,9.61,1.14
Peace River,40,CA,1547265600,85,56.23,-117.29,17.6,10.29
Dublin,75,IE,1547265600,93,53.35,-6.26,48.2,19.46
